{
  "azure": "Azure",
  "microsoft azure": "Azure",
  "software-defined networking": "SDN",
  "sdn": "SDN",
  "top of the rack": "Top-of-Rack Switches",
  "tor": "Top-of-Rack Switches",
  "tcp/ip": "TCP/IP",
  "datacenter networking": "Data Center Networking",
  "data center networking": "Data Center Networking",
  "network switch": "Network Switches",
  "network switches": "Network Switches",
  "switches": "Network Switches",
  "dataplane": "Dataplane Programming",
  "data plane": "Dataplane Programming",
  "sdn dataplane": "Dataplane Programming",
  "service-oriented network architecture": "Service-Oriented Architecture",
  "service oriented network architecture": "Service-Oriented Architecture",
  "service-oriented": "Service-Oriented Architecture",
  "soa": "Service-Oriented Architecture",
  "monitoring": "Monitoring/Logging",
  "logging": "Monitoring/Logging",
  "observability": "Observability",
  "on-call": "On-call/DRI",
  "dri": "On-call/DRI",
  "c#": "C#",
  "c++": "C++",
  "c": "C",
  "java": "Java",
  "javascript": "JavaScript",
  "python": "Python",
  "sql": "SQL",
  "kql": "KQL",
  "kusto": "KQL",
  "oracle databases": "Oracle Database",
  "oracle": "Oracle Database",
  "netapp": "NetApp",
  "supercomputing": "Supercomputing"
}