{
  "Azure": "Cloud Platform",
  "SDN": "Networking",
  "Top-of-Rack Switches": "Networking",
  "TCP/IP": "Networking",
  "Data Center Networking": "Networking",
  "Network Switches": "Networking",
  "Dataplane Programming": "Networking",
  "Service-Oriented Architecture": "Architecture",
  "Monitoring/Logging": "Observability",
  "Observability": "Observability",
  "On-call/DRI": "SRE",
  "C": "Programming Language",
  "C++": "Programming Language",
  "C#": "Programming Language",
  "Java": "Programming Language",
  "JavaScript": "Programming Language",
  "Python": "Programming Language",
  "SQL": "Database",
  "KQL": "Database",
  "Oracle Database": "Database",
  "NetApp": "Storage",
  "Supercomputing": "HPC"
}